rfm_segment,customer_count,avg_monetary,total_monetary,avg_frequency,avg_recency_days
Champions,391,11680.33,4567010.100000002,19.6,16.0
Loyal,721,2461.4,1774667.6100000022,6.4,36.0
Regular,1526,748.52,1142243.1799999997,2.0,84.0
Recent,865,1047.39,905990.19,2.4,15.0
At Risk,843,618.62,521496.8200000001,1.4,270.0
